{
  "type": "minecraft:flat_cache",
  "argument": {
    "type": "minecraft:shift_a",
    "argument": {
      "type": "minecraft:add",
      "argument1": 0.15,
      "argument2": {
        "type": "minecraft:mul",
        "argument1": {
          "type": "minecraft:y_clamped_gradient",
          "from_y": -64,
          "to_y": 320,
          "from_value": 1.5,
          "to_value": -1.5
        },
        "argument2": {
          "type": "minecraft:shifted_noise",
          "noise": "minecraft:continentalness",
          "xz_scale": 0.15,
          "y_scale": 0,
          "shift_x": "minecraft:shift_x",
          "shift_y": 0,
          "shift_z": "minecraft:shift_z"
        }
      }
    }
  }
}
