{
  "sea_level": 63,
  "disable_mob_generation": false,
  "aquifers_enabled": false,
  "ore_veins_enabled": true,
  "legacy_random_source": false,
  "default_block": {
    "Name": "minecraft:stone"
  },
  "default_fluid": {
    "Name": "minecraft:water",
    "Properties": {
      "level": "0"
    }
  },
  "noise": {
    "min_y": -64,
    "height": 448,
    "size_horizontal": 1,
    "size_vertical": 2
  },
  "noise_router": {
    "barrier": 0,
    "fluid_level_floodedness": 0,
    "fluid_level_spread": 0,
    "lava": 0,
    "temperature": 0,
    "vegetation": 0,
    "continents": "omega:continents",
    "erosion": "omega:erosion",
    "depth": "minecraft:overworld/depth",
    "ridges": "minecraft:overworld/ridges",
    "initial_density_without_jaggedness": {
      "type": "minecraft:add",
      "argument1": 0.1171875,
      "argument2": {
        "type": "minecraft:mul",
        "argument1": {
          "type": "minecraft:y_clamped_gradient",
          "from_y": -64,
          "to_y": 384,
          "from_value": 3.0,
          "to_value": -3.0
        },
        "argument2": {
          "type": "minecraft:add",
          "argument1": -0.703125,
          "argument2": {
            "type": "minecraft:add",
            "argument1": "omega:offset",
            "argument2": "minecraft:overworld/factor"
          }
        }
      }
    },
    "final_density": {
      "type": "minecraft:squeeze",
      "argument": {
        "type": "minecraft:mul",
        "argument1": 0.64,
        "argument2": {
          "type": "minecraft:interpolated",
          "argument": {
            "type": "minecraft:blend_density",
            "argument": {
              "type": "minecraft:add",
              "argument1": 0.1171875,
              "argument2": {
                "type": "minecraft:mul",
                "argument1": {
                  "type": "minecraft:y_clamped_gradient",
                  "from_y": -64,
                  "to_y": 384,
                  "from_value": 3.0,
                  "to_value": -3.0
                },
                "argument2": {
                  "type": "minecraft:add",
                  "argument1": -0.703125,
                  "argument2": {
                    "type": "minecraft:add",
                    "argument1": "omega:offset",
                    "argument2": {
                      "type": "minecraft:mul",
                      "argument1": "minecraft:overworld/factor",
                      "argument2": {
                        "type": "minecraft:cache_2d",
                        "argument": "minecraft:overworld/jaggedness"
                      }
                    }
                  }
                }
              }
            }
          }
        }
      }
    },
    "vein_toggle": 0,
    "vein_ridged": 0,
    "vein_gap": 0
  },
  "spawn_target": [],
  "surface_rule": {
    "type": "minecraft:sequence",
    "sequence": [
      {
        "type": "minecraft:condition",
        "if_true": {
          "type": "minecraft:biome",
          "biome_is": [
            "omega:desert_oasis"
          ]
        },
        "then_run": {
          "type": "minecraft:sequence",
          "sequence": [
            {
              "type": "minecraft:condition",
              "if_true": {
                "type": "minecraft:water",
                "offset": 0,
                "surface_depth_multiplier": 0,
                "add_stone_depth": false
              },
              "then_run": {
                "type": "minecraft:block",
                "result_state": {
                  "Name": "minecraft:grass_block",
                  "Properties": {
                    "snowy": "false"
                  }
                }
              }
            },
            {
              "type": "minecraft:block",
              "result_state": {
                "Name": "minecraft:dirt"
              }
            }
          ]
        }
      },
      {
        "type": "minecraft:condition",
        "if_true": {
          "type": "minecraft:biome",
          "biome_is": [
            "omega:giant_mountains"
          ]
        },
        "then_run": {
          "type": "minecraft:sequence",
          "sequence": [
            {
              "type": "minecraft:condition",
              "if_true": {
                "type": "minecraft:water",
                "offset": 0,
                "surface_depth_multiplier": 0,
                "add_stone_depth": false
              },
              "then_run": {
                "type": "minecraft:block",
                "result_state": {
                  "Name": "minecraft:stone"
                }
              }
            }
          ]
        }
      },
      {
        "type": "minecraft:condition",
        "if_true": {
          "type": "minecraft:water",
          "offset": 0,
          "surface_depth_multiplier": 0,
          "add_stone_depth": false
        },
        "then_run": {
          "type": "minecraft:block",
          "result_state": {
            "Name": "minecraft:sand"
          }
        }
      },
      {
        "type": "minecraft:condition",
        "if_true": {
          "type": "minecraft:stone_depth",
          "offset": 0,
          "surface_type": "floor",
          "add_surface_depth": false,
          "secondary_depth_range": 0
        },
        "then_run": {
          "type": "minecraft:block",
          "result_state": {
            "Name": "minecraft:sandstone"
          }
        }
      }
    ]
  }
}
