{
  "type": "minecraft:overworld",
  "generator": {
    "type": "minecraft:noise",
    "settings": "omega:omega_overworld",
    "biome_source": {
      "type": "minecraft:multi_noise",
      "biomes": [
        {
          "biome": "omega:massive_desert",
          "parameters": {
            "temperature": [0.0, 2.0],
            "humidity": [-1.0, 0.3],
            "continentalness": [-1.0, 1.0],
            "erosion": [-1.0, 1.0],
            "weirdness": [-1.0, 1.0],
            "depth": 0.0,
            "offset": 0.0
          }
        },
        {
          "biome": "omega:desert_oasis",
          "parameters": {
            "temperature": [0.0, 1.5],
            "humidity": [0.5, 1.0],
            "continentalness": [-0.3, 0.3],
            "erosion": [-1.0, -0.2],
            "weirdness": [-0.5, 0.5],
            "depth": 0.0,
            "offset": 0.0
          }
        },
        {
          "biome": "omega:giant_mountains",
          "parameters": {
            "temperature": [-1.0, 0.5],
            "humidity": [-1.0, 1.0],
            "continentalness": [0.3, 1.0],
            "erosion": [0.4, 1.0],
            "weirdness": [-1.0, 1.0],
            "depth": 0.0,
            "offset": 0.0
          }
        }
      ]
    }
  }
}